product,ref,competition,date,home,away,model,logged_utc,kickoff_utc,status,p_home,p_draw,p_away,result,home_goals,away_goals,rps,brier,log_loss,rps_market_pre,rps_market_close,rps_uniform
nazionali,2048027,UEFA Nations League B,2026-09-26,Slovenia,Scotland,"national_dc (configurazione NAT-2: ξ=0,0005, λ=0,1, finestra 8 anni)",2026-09-26T10:22:15Z,2026-09-26T13:00:00Z,valutata,0.369266,0.332998,0.297736,D,0,0,0.112502,0.669896,1.099619,,,0.111111
nazionali,2048019,UEFA Nations League C,2026-09-26,Iceland,Estonia,"national_dc (configurazione NAT-2: ξ=0,0005, λ=0,1, finestra 8 anni)",2026-09-26T10:22:15Z,2026-09-26T16:00:00Z,valutata,0.695942,0.193227,0.110831,D,1,1,0.248309,1.147502,1.643892,,,0.111111
nazionali,2048024,UEFA Nations League C,2026-09-26,Faroe Islands,Kazakhstan,"national_dc (configurazione NAT-2: ξ=0,0005, λ=0,1, finestra 8 anni)",2026-09-26T10:22:15Z,2026-09-26T16:00:00Z,valutata,0.345709,0.324013,0.330278,D,1,1,0.114299,0.685557,1.126972,,,0.111111
nazionali,2048025,UEFA Nations League C,2026-09-26,San Marino,Finland,"national_dc (configurazione NAT-2: ξ=0,0005, λ=0,1, finestra 8 anni)",2026-09-26T10:22:15Z,2026-09-26T16:00:00Z,valutata,0.012281,0.071438,0.916281,A,0,7,0.003580,0.012263,0.087432,,,0.277778
nazionali,2048026,UEFA Nations League C,2026-09-26,Bulgaria,Luxembourg,"national_dc (configurazione NAT-2: ξ=0,0005, λ=0,1, finestra 8 anni)",2026-09-26T10:22:15Z,2026-09-26T16:00:00Z,valutata,0.439047,0.312694,0.248259,A,1,2,0.378939,0.855654,1.393283,,,0.277778
nazionali,2048018,UEFA Nations League A,2026-09-26,England,Spain,"national_dc (configurazione NAT-2: ξ=0,0005, λ=0,1, finestra 8 anni)",2026-09-26T10:22:15Z,2026-09-26T18:45:00Z,valutata,0.296487,0.287247,0.416267,A,2,3,0.214325,0.511160,0.876429,,,0.277778
nazionali,2048020,UEFA Nations League C,2026-09-26,Albania,Belarus,"national_dc (configurazione NAT-2: ξ=0,0005, λ=0,1, finestra 8 anni)",2026-09-26T10:22:15Z,2026-09-26T18:45:00Z,valutata,0.552729,0.288155,0.159116,H,2,0,0.112684,0.308402,0.592887,,,0.277778
nazionali,2048021,UEFA Nations League C,2026-09-26,Slovakia,Moldova,"national_dc (configurazione NAT-2: ξ=0,0005, λ=0,1, finestra 8 anni)",2026-09-26T10:22:15Z,2026-09-26T18:45:00Z,valutata,0.813280,0.138562,0.048158,H,2,0,0.018592,0.056383,0.206680,,,0.277778
nazionali,2048022,UEFA Nations League B,2026-09-26,North Macedonia,Switzerland,"national_dc (configurazione NAT-2: ξ=0,0005, λ=0,1, finestra 8 anni)",2026-09-26T10:22:15Z,2026-09-26T18:45:00Z,valutata,0.131396,0.212315,0.656289,A,0,3,0.067701,0.180480,0.421154,,,0.277778
nazionali,2048023,UEFA Nations League A,2026-09-26,Czech Republic,Croatia,"national_dc (configurazione NAT-2: ξ=0,0005, λ=0,1, finestra 8 anni)",2026-09-26T10:22:15Z,2026-09-26T18:45:00Z,valutata,0.275518,0.266190,0.458292,A,1,2,0.184679,0.440214,0.780248,,,0.277778
nazionali,2047983,UEFA Nations League D,2026-09-27,Lithuania,Azerbaijan,"national_dc (configurazione NAT-2: ξ=0,0005, λ=0,1, finestra 8 anni)",2026-09-26T10:22:15Z,2026-09-27T13:00:00Z,valutata,0.352585,0.330304,0.317111,D,1,1,0.112438,0.673368,1.107741,,,0.111111
nazionali,2047977,UEFA Nations League A,2026-09-27,Denmark,Wales,"national_dc (configurazione NAT-2: ξ=0,0005, λ=0,1, finestra 8 anni)",2026-09-26T10:22:15Z,2026-09-27T16:00:00Z,valutata,0.627513,0.240641,0.131846,H,2,0,0.078065,0.214038,0.465991,,,0.277778
nazionali,2047979,UEFA Nations League B,2026-09-27,Austria,Kosovo,"national_dc (configurazione NAT-2: ξ=0,0005, λ=0,1, finestra 8 anni)",2026-09-26T10:22:15Z,2026-09-27T16:00:00Z,valutata,0.586698,0.241455,0.171847,H,3,1,0.100175,0.258650,0.533245,,,0.277778
nazionali,2047980,UEFA Nations League D,2026-09-27,Gibraltar,Andorra,"national_dc (configurazione NAT-2: ξ=0,0005, λ=0,1, finestra 8 anni)",2026-09-26T10:22:15Z,2026-09-27T16:00:00Z,valutata,0.262797,0.408640,0.328564,D,0,0,0.088508,0.526723,0.894921,,,0.111111
nazionali,2047981,UEFA Nations League A,2026-09-27,Serbia,Netherlands,"national_dc (configurazione NAT-2: ξ=0,0005, λ=0,1, finestra 8 anni)",2026-09-26T10:22:15Z,2026-09-27T16:00:00Z,valutata,0.208834,0.236804,0.554362,A,1,2,0.121102,0.298281,0.589937,,,0.277778
nazionali,2047976,UEFA Nations League A,2026-09-27,Germany,Greece,"national_dc (configurazione NAT-2: ξ=0,0005, λ=0,1, finestra 8 anni)",2026-09-26T10:22:15Z,2026-09-27T18:45:00Z,valutata,0.639452,0.211783,0.148766,A,0,1,0.566749,1.178350,1.905382,,,0.277778
nazionali,2047978,UEFA Nations League A,2026-09-27,Norway,Portugal,"national_dc (configurazione NAT-2: ξ=0,0005, λ=0,1, finestra 8 anni)",2026-09-26T10:22:15Z,2026-09-27T18:45:00Z,valutata,0.289122,0.243455,0.467422,A,1,2,0.183615,0.426501,0.760522,,,0.277778
nazionali,2047982,UEFA Nations League B,2026-09-27,Israel,Republic of Ireland,"national_dc (configurazione NAT-2: ξ=0,0005, λ=0,1, finestra 8 anni)",2026-09-26T10:22:15Z,2026-09-27T18:45:00Z,valutata,0.421957,0.279279,0.298765,A,0,3,0.334889,0.747775,1.208098,,,0.277778
nazionali,2047987,UEFA Nations League C,2026-09-28,Armenia,Montenegro,"national_dc (configurazione NAT-2: ξ=0,0005, λ=0,1, finestra 8 anni)",2026-09-26T10:22:15Z,2026-09-28T16:00:00Z,valutata,0.356852,0.270619,0.372529,A,2,3,0.260531,0.594297,0.987440,,,0.277778
nazionali,2047988,UEFA Nations League C,2026-09-28,Latvia,Cyprus,"national_dc (configurazione NAT-2: ξ=0,0005, λ=0,1, finestra 8 anni)",2026-09-26T10:22:15Z,2026-09-28T16:00:00Z,valutata,0.388031,0.309392,0.302578,D,0,0,0.121060,0.719061,1.173147,,,0.111111
nazionali,2047991,UEFA Nations League B,2026-09-28,Georgia,Ukraine,"national_dc (configurazione NAT-2: ξ=0,0005, λ=0,1, finestra 8 anni)",2026-09-26T10:22:15Z,2026-09-28T16:00:00Z,valutata,0.335455,0.273001,0.391544,D,0,0,0.132918,0.794364,1.298279,,,0.111111
modello_multilega,SP2|2026-09-28|Leganes|Castellon,SP2,2026-09-28,Leganes,Castellon,dixon_coles@1.0.0+cfg.83e52146.code.5045e15c,2026-09-28T15:38:59Z,2026-09-28T18:30:00Z,valutata,0.323013,0.279439,0.397548,A,0,2,0.233643,0.545372,0.922440,0.227636,0.201845,0.277778
nazionali,2047984,UEFA Nations League B,2026-09-28,Romania,Bosnia and Herzegovina,"national_dc (configurazione NAT-2: ξ=0,0005, λ=0,1, finestra 8 anni)",2026-09-26T10:22:15Z,2026-09-28T18:45:00Z,valutata,0.543835,0.269461,0.186704,A,2,4,0.478604,1.029817,1.678232,,,0.277778
nazionali,2047985,UEFA Nations League B,2026-09-28,Sweden,Poland,"national_dc (configurazione NAT-2: ξ=0,0005, λ=0,1, finestra 8 anni)",2026-09-26T10:22:15Z,2026-09-28T18:45:00Z,valutata,0.500812,0.238087,0.261102,H,3,1,0.158682,0.374048,0.691525,,,0.277778
nazionali,2047986,UEFA Nations League B,2026-09-28,Northern Ireland,Hungary,"national_dc (configurazione NAT-2: ξ=0,0005, λ=0,1, finestra 8 anni)",2026-09-26T10:22:15Z,2026-09-28T18:45:00Z,valutata,0.308070,0.332256,0.359674,D,0,0,0.112136,0.670155,1.101850,,,0.111111
nazionali,2047989,UEFA Nations League A,2026-09-28,Belgium,France,"national_dc (configurazione NAT-2: ξ=0,0005, λ=0,1, finestra 8 anni)",2026-09-26T10:22:15Z,2026-09-28T18:45:00Z,valutata,0.366101,0.261541,0.372358,A,0,1,0.263982,0.596368,0.987899,,,0.277778
nazionali,2047990,UEFA Nations League A,2026-09-28,Turkey,Italy,"national_dc (configurazione NAT-2: ξ=0,0005, λ=0,1, finestra 8 anni)",2026-09-26T10:22:15Z,2026-09-28T18:45:00Z,valutata,0.300708,0.263861,0.435431,A,1,4,0.204582,0.478787,0.831420,,,0.277778
nazionali,2047993,UEFA Nations League C,2026-09-29,Finland,Belarus,"national_dc (configurazione NAT-2: ξ=0,0005, λ=0,1, finestra 8 anni)",2026-09-27T06:51:12Z,2026-09-29T16:00:00Z,valutata,0.599037,0.242746,0.158216,D,0,0,0.191939,0.957312,1.415739,,,0.111111
nazionali,2047994,UEFA Nations League C,2026-09-29,Moldova,Faroe Islands,"national_dc (configurazione NAT-2: ξ=0,0005, λ=0,1, finestra 8 anni)",2026-09-27T06:51:12Z,2026-09-29T16:00:00Z,valutata,0.304251,0.325114,0.370634,D,1,1,0.114969,0.685410,1.123579,,,0.111111
modello_multilega,EC|2026-09-29|Boreham Wood|Kidderminster,EC,2026-09-29,Boreham Wood,Kidderminster,dixon_coles@1.0.0+cfg.83e52146.code.5045e15c,2026-09-29T15:37:23Z,2026-09-29T18:00:00Z,valutata,0.522223,0.250943,0.226834,H,3,1,0.139862,0.342697,0.649661,0.057799,0.064433,0.277778
modello_multilega,EC|2026-09-29|Barrow|Scunthorpe,EC,2026-09-29,Barrow,Scunthorpe,dixon_coles@1.0.0+cfg.83e52146.code.5045e15c,2026-09-29T15:37:23Z,2026-09-29T18:45:00Z,valutata,0.448929,0.236245,0.314826,H,3,0,0.201397,0.458606,0.800891,0.195428,0.204788,0.277778
modello_multilega,EC|2026-09-29|Forest Green|Wealdstone,EC,2026-09-29,Forest Green,Wealdstone,dixon_coles@1.0.0+cfg.83e52146.code.5045e15c,2026-09-29T15:37:23Z,2026-09-29T18:45:00Z,valutata,0.590191,0.210800,0.199009,D,1,1,0.193965,1.010767,1.556845,0.171929,0.166690,0.111111
modello_multilega,EC|2026-09-29|Fylde|Carlisle,EC,2026-09-29,Fylde,Carlisle,dixon_coles@1.0.0+cfg.83e52146.code.5045e15c,2026-09-29T15:37:23Z,2026-09-29T18:45:00Z,valutata,0.327743,0.224592,0.447665,A,0,2,0.206245,0.462931,0.803710,0.289018,0.289155,0.277778
modello_multilega,EC|2026-09-29|Gateshead|Altrincham,EC,2026-09-29,Gateshead,Altrincham,dixon_coles@1.0.0+cfg.83e52146.code.5045e15c,2026-09-29T15:37:23Z,2026-09-29T18:45:00Z,valutata,0.317946,0.242861,0.439193,A,0,1,0.207797,0.474576,0.822816,0.131050,0.106301,0.277778
modello_multilega,EC|2026-09-29|Halifax|Boston Utd,EC,2026-09-29,Halifax,Boston Utd,dixon_coles@1.0.0+cfg.83e52146.code.5045e15c,2026-09-29T15:37:23Z,2026-09-29T18:45:00Z,valutata,0.469680,0.257724,0.272596,D,1,1,0.147454,0.845882,1.355866,0.140563,0.141949,0.111111
modello_multilega,EC|2026-09-29|Hartlepool|Harrogate,EC,2026-09-29,Hartlepool,Harrogate,dixon_coles@1.0.0+cfg.83e52146.code.5045e15c,2026-09-29T15:37:23Z,2026-09-29T18:45:00Z,valutata,0.301832,0.221389,0.476778,A,0,1,0.182431,0.413877,0.740704,0.162164,0.172216,0.277778
modello_multilega,EC|2026-09-29|Hornchurch|Aldershot,EC,2026-09-29,Hornchurch,Aldershot,dixon_coles@1.0.0+cfg.83e52146.code.5045e15c,2026-09-29T15:37:23Z,2026-09-29T18:45:00Z,valutata,0.431496,0.244843,0.323661,H,2,1,0.213977,0.487901,0.840497,0.205267,0.208630,0.277778
modello_multilega,EC|2026-09-29|Woking|Solihull,EC,2026-09-29,Woking,Solihull,dixon_coles@1.0.0+cfg.83e52146.code.5045e15c,2026-09-29T15:37:23Z,2026-09-29T18:45:00Z,valutata,0.536550,0.232949,0.230501,A,2,4,0.440007,0.934280,1.467500,0.389429,0.394652,0.277778
modello_multilega,EC|2026-09-29|Yeovil|Worthing,EC,2026-09-29,Yeovil,Worthing,dixon_coles@1.0.0+cfg.83e52146.code.5045e15c,2026-09-29T15:37:23Z,2026-09-29T18:45:00Z,valutata,0.321318,0.234409,0.444273,D,1,1,0.150312,0.886753,1.450688,0.145848,0.142023,0.111111
nazionali,2047992,UEFA Nations League B,2026-09-29,Slovenia,North Macedonia,"national_dc (configurazione NAT-2: ξ=0,0005, λ=0,1, finestra 8 anni)",2026-09-27T06:51:12Z,2026-09-29T18:45:00Z,valutata,0.533663,0.297304,0.169034,H,2,0,0.123021,0.334432,0.627991,,,0.277778
nazionali,2047995,UEFA Nations League C,2026-09-29,San Marino,Albania,"national_dc (configurazione NAT-2: ξ=0,0005, λ=0,1, finestra 8 anni)",2026-09-27T06:51:12Z,2026-09-29T18:45:00Z,valutata,0.011173,0.083397,0.905429,A,0,3,0.004534,0.016024,0.099346,,,0.277778
nazionali,2047996,UEFA Nations League C,2026-09-29,Slovakia,Kazakhstan,"national_dc (configurazione NAT-2: ξ=0,0005, λ=0,1, finestra 8 anni)",2026-09-27T06:51:12Z,2026-09-29T18:45:00Z,valutata,0.667746,0.221589,0.110665,H,2,1,0.061320,0.171741,0.403848,,,0.277778
nazionali,2047997,UEFA Nations League C,2026-09-29,Bulgaria,Estonia,"national_dc (configurazione NAT-2: ξ=0,0005, λ=0,1, finestra 8 anni)",2026-09-27T06:51:12Z,2026-09-29T18:45:00Z,valutata,0.478187,0.288927,0.232886,D,0,0,0.141449,0.788524,1.241582,,,0.111111
nazionali,2047998,UEFA Nations League C,2026-09-29,Luxembourg,Iceland,"national_dc (configurazione NAT-2: ξ=0,0005, λ=0,1, finestra 8 anni)",2026-09-27T06:51:12Z,2026-09-29T18:45:00Z,valutata,0.247480,0.282432,0.470089,A,0,3,0.171026,0.421820,0.754834,,,0.277778
nazionali,2047999,UEFA Nations League A,2026-09-29,Spain,Croatia,"national_dc (configurazione NAT-2: ξ=0,0005, λ=0,1, finestra 8 anni)",2026-09-27T06:51:12Z,2026-09-29T18:45:00Z,valutata,0.717915,0.188229,0.093856,H,4,1,0.044190,0.123811,0.331404,,,0.277778
nazionali,2048000,UEFA Nations League A,2026-09-29,Czech Republic,England,"national_dc (configurazione NAT-2: ξ=0,0005, λ=0,1, finestra 8 anni)",2026-09-27T06:51:12Z,2026-09-29T18:45:00Z,valutata,0.152147,0.212635,0.635217,A,0,2,0.078108,0.201429,0.453788,,,0.277778
nazionali,2048001,UEFA Nations League B,2026-09-29,Scotland,Switzerland,"national_dc (configurazione NAT-2: ξ=0,0005, λ=0,1, finestra 8 anni)",2026-09-27T06:51:12Z,2026-09-29T18:45:00Z,valutata,0.250490,0.272915,0.476596,A,0,3,0.168348,0.411179,0.741086,,,0.277778
modello_multilega,EC|2026-09-30|Eastleigh|Southend,EC,2026-09-30,Eastleigh,Southend,dixon_coles@1.0.0+cfg.83e52146.code.5045e15c,2026-09-29T15:37:23Z,2026-09-30T18:45:00Z,valutata,0.237624,0.230928,0.531448,D,1,1,0.169451,0.930374,1.465649,0.164614,0.165485,0.111111
modello_multilega,EC|2026-09-30|Tamworth|Sutton,EC,2026-09-30,Tamworth,Sutton,dixon_coles@1.0.0+cfg.83e52146.code.5045e15c,2026-09-29T15:37:23Z,2026-09-30T18:45:00Z,valutata,0.462503,0.230904,0.306593,H,2,0,0.191451,0.436219,0.771102,0.231689,0.291550,0.277778
nazionali,2047955,UEFA Nations League D,2026-10-01,Azerbaijan,Liechtenstein,"national_dc (configurazione NAT-2: ξ=0,0005, λ=0,1, finestra 8 anni)",2026-09-29T06:54:24Z,2026-10-01T16:00:00Z,in attesa di esito,0.807504,0.161143,0.031353,,,,,,,,,
nazionali,2047950,UEFA Nations League A,2026-10-01,Wales,Norway,"national_dc (configurazione NAT-2: ξ=0,0005, λ=0,1, finestra 8 anni)",2026-09-29T06:54:24Z,2026-10-01T18:45:00Z,in attesa di esito,0.236297,0.255792,0.507911,,,,,,,,,
nazionali,2047951,UEFA Nations League A,2026-10-01,Greece,Netherlands,"national_dc (configurazione NAT-2: ξ=0,0005, λ=0,1, finestra 8 anni)",2026-09-29T06:54:24Z,2026-10-01T18:45:00Z,in attesa di esito,0.260977,0.283142,0.455882,,,,,,,,,
nazionali,2047952,UEFA Nations League B,2026-10-01,Israel,Kosovo,"national_dc (configurazione NAT-2: ξ=0,0005, λ=0,1, finestra 8 anni)",2026-09-29T06:54:24Z,2026-10-01T18:45:00Z,in attesa di esito,0.411759,0.248241,0.340000,,,,,,,,,
nazionali,2047953,UEFA Nations League B,2026-10-01,Republic of Ireland,Austria,"national_dc (configurazione NAT-2: ξ=0,0005, λ=0,1, finestra 8 anni)",2026-09-29T06:54:24Z,2026-10-01T18:45:00Z,in attesa di esito,0.278548,0.313754,0.407698,,,,,,,,,
nazionali,2047954,UEFA Nations League A,2026-10-01,Germany,Serbia,"national_dc (configurazione NAT-2: ξ=0,0005, λ=0,1, finestra 8 anni)",2026-09-29T06:54:24Z,2026-10-01T18:45:00Z,in attesa di esito,0.707998,0.172910,0.119092,,,,,,,,,
nazionali,2047956,UEFA Nations League D,2026-10-01,Malta,Gibraltar,"national_dc (configurazione NAT-2: ξ=0,0005, λ=0,1, finestra 8 anni)",2026-09-29T06:54:24Z,2026-10-01T18:45:00Z,in attesa di esito,0.688595,0.224663,0.086742,,,,,,,,,
nazionali,2047957,UEFA Nations League A,2026-10-01,Denmark,Portugal,"national_dc (configurazione NAT-2: ξ=0,0005, λ=0,1, finestra 8 anni)",2026-09-29T06:54:24Z,2026-10-01T18:45:00Z,in attesa di esito,0.297603,0.284896,0.417501,,,,,,,,,
nazionali,2047967,UEFA Nations League C,2026-10-02,Kazakhstan,Moldova,"national_dc (configurazione NAT-2: ξ=0,0005, λ=0,1, finestra 8 anni)",2026-09-29T15:49:46Z,2026-10-02T14:00:00Z,in attesa di esito,0.593530,0.248714,0.157756,,,,,,,,,
nazionali,2047958,UEFA Nations League C,2026-10-02,Latvia,Montenegro,"national_dc (configurazione NAT-2: ξ=0,0005, λ=0,1, finestra 8 anni)",2026-09-30T06:54:31Z,2026-10-02T16:00:00Z,in attesa di esito,0.255224,0.312123,0.432653,,,,,,,,,
nazionali,2047966,UEFA Nations League C,2026-10-02,Cyprus,Armenia,"national_dc (configurazione NAT-2: ξ=0,0005, λ=0,1, finestra 8 anni)",2026-09-30T06:54:31Z,2026-10-02T16:00:00Z,in attesa di esito,0.380786,0.264962,0.354252,,,,,,,,,
nazionali,2047959,UEFA Nations League B,2026-10-02,Ukraine,Northern Ireland,"national_dc (configurazione NAT-2: ξ=0,0005, λ=0,1, finestra 8 anni)",2026-09-30T06:54:31Z,2026-10-02T18:45:00Z,in attesa di esito,0.550955,0.278339,0.170706,,,,,,,,,
nazionali,2047960,UEFA Nations League A,2026-10-02,France,Italy,"national_dc (configurazione NAT-2: ξ=0,0005, λ=0,1, finestra 8 anni)",2026-09-30T06:54:31Z,2026-10-02T18:45:00Z,in attesa di esito,0.573959,0.242798,0.183244,,,,,,,,,
nazionali,2047961,UEFA Nations League A,2026-10-02,Belgium,Turkey,"national_dc (configurazione NAT-2: ξ=0,0005, λ=0,1, finestra 8 anni)",2026-09-30T06:54:31Z,2026-10-02T18:45:00Z,in attesa di esito,0.691008,0.181373,0.127619,,,,,,,,,
nazionali,2047962,UEFA Nations League B,2026-10-02,Hungary,Georgia,"national_dc (configurazione NAT-2: ξ=0,0005, λ=0,1, finestra 8 anni)",2026-09-30T06:54:31Z,2026-10-02T18:45:00Z,in attesa di esito,0.462856,0.289794,0.247349,,,,,,,,,
nazionali,2047963,UEFA Nations League B,2026-10-02,Poland,Romania,"national_dc (configurazione NAT-2: ξ=0,0005, λ=0,1, finestra 8 anni)",2026-09-30T06:54:31Z,2026-10-02T18:45:00Z,in attesa di esito,0.494872,0.268768,0.236360,,,,,,,,,
nazionali,2047964,UEFA Nations League B,2026-10-02,Bosnia and Herzegovina,Sweden,"national_dc (configurazione NAT-2: ξ=0,0005, λ=0,1, finestra 8 anni)",2026-09-30T06:54:31Z,2026-10-02T18:45:00Z,in attesa di esito,0.235017,0.238296,0.526687,,,,,,,,,
nazionali,2047965,UEFA Nations League C,2026-10-02,Faroe Islands,Slovakia,"national_dc (configurazione NAT-2: ξ=0,0005, λ=0,1, finestra 8 anni)",2026-09-30T06:54:31Z,2026-10-02T18:45:00Z,in attesa di esito,0.153529,0.284601,0.561870,,,,,,,,,
nazionali,2047970,UEFA Nations League C,2026-10-03,Finland,Albania,"national_dc (configurazione NAT-2: ξ=0,0005, λ=0,1, finestra 8 anni)",2026-09-30T15:50:44Z,2026-10-03T13:00:00Z,in attesa di esito,0.361795,0.347408,0.290796,,,,,,,,,
nazionali,2047968,UEFA Nations League A,2026-10-03,Croatia,England,"national_dc (configurazione NAT-2: ξ=0,0005, λ=0,1, finestra 8 anni)",2026-10-01T06:55:49Z,2026-10-03T16:00:00Z,in attesa di esito,0.271630,0.261986,0.466384,,,,,,,,,
nazionali,2047969,UEFA Nations League C,2026-10-03,Iceland,Bulgaria,"national_dc (configurazione NAT-2: ξ=0,0005, λ=0,1, finestra 8 anni)",2026-10-01T06:55:49Z,2026-10-03T16:00:00Z,in attesa di esito,0.637607,0.216546,0.145847,,,,,,,,,
nazionali,2047973,UEFA Nations League C,2026-10-03,Belarus,San Marino,"national_dc (configurazione NAT-2: ξ=0,0005, λ=0,1, finestra 8 anni)",2026-10-01T06:55:49Z,2026-10-03T16:00:00Z,in attesa di esito,0.930075,0.059914,0.010010,,,,,,,,,
nazionali,2047974,UEFA Nations League C,2026-10-03,Estonia,Luxembourg,"national_dc (configurazione NAT-2: ξ=0,0005, λ=0,1, finestra 8 anni)",2026-10-01T06:55:49Z,2026-10-03T16:00:00Z,in attesa di esito,0.367333,0.333944,0.298722,,,,,,,,,
nazionali,2047971,UEFA Nations League A,2026-10-03,Spain,Czech Republic,"national_dc (configurazione NAT-2: ξ=0,0005, λ=0,1, finestra 8 anni)",2026-10-01T06:55:49Z,2026-10-03T18:45:00Z,in attesa di esito,0.860288,0.104161,0.035552,,,,,,,,,
nazionali,2047972,UEFA Nations League B,2026-10-03,Switzerland,Slovenia,"national_dc (configurazione NAT-2: ξ=0,0005, λ=0,1, finestra 8 anni)",2026-10-01T06:55:49Z,2026-10-03T18:45:00Z,in attesa di esito,0.607934,0.258127,0.133939,,,,,,,,,
nazionali,2047975,UEFA Nations League B,2026-10-03,North Macedonia,Scotland,"national_dc (configurazione NAT-2: ξ=0,0005, λ=0,1, finestra 8 anni)",2026-10-01T06:55:49Z,2026-10-03T18:45:00Z,in attesa di esito,0.251888,0.287933,0.460179,,,,,,,,,
